2011Q1,2011Q2,2011Q3,2011Q4,2012Q1,2012Q2,2012Q3,2012Q4,2013Q1,2013Q2,2013Q3,2013Q4,2014Q1,2014Q2,2014Q3,2014Q4,2015Q1,2015Q2,2015Q3,2015Q4,2016Q1,2016Q2,2016Q3,2016Q4,2017Q1,2017Q2,2017Q3,2017Q4,2018Q1,2018Q2,2018Q3,2018Q4,2019Q1,2019Q2,2019Q3,2019Q4,2020Q1,2020Q2,2020Q3,2020Q4,2021Q1,2021Q2
,1.1031743000154657,0.9905075059096371,1.0887476603846387,0.8467067157741999,1.1609680314199105,0.9669796723470627,1.0492132008175545,0.884745836966968,1.1532308741134198,0.9075926291652131,1.0859505393179232,0.8905801264340676,1.1757509660299563,0.9408973718953076,1.035559028016483,0.8829261443970513,1.2037012679073364,0.9387809847287593,1.0318538241434159,0.8959042042454866,1.1571887865555717,0.9498855394837683,1.0605272718994905,0.9053051509919475,1.167451199865599,0.9389321065549485,1.0482587362025761,0.9272582846867574,1.153224881719621,0.9477620160656121,1.0294944414718654,0.9184610883413686,1.1617777305889239,0.9564827562824578,0.9889901044685319,0.8851975989347755,1.028720897253166,1.073640319403231,1.053766742479666,0.9192539132272335,
,1.1843984457657086,1.0059733836836922,1.0396228869908681,1.002522419943426,1.1302624755303574,1.020266923365336,1.0537344413374055,1.013617012318562,1.1726664296280527,1.014385573125865,1.0708121386051985,1.0646086807462678,1.2003703854209684,0.9963581226979894,1.0693758570050695,1.0163912884856867,1.1686308400725298,1.0454092182937786,1.0531057370723909,1.069367378025049,1.2009394167696683,1.0134377137219017,1.0511489430684406,1.0309098097594231,1.1425547287846336,1.0528701441430155,1.0547823011835171,1.062461361677757,1.1584232465494038,1.058544697761006,1.100646730934862,1.0500518419923919,1.2173861289224637,1.0558733961984854,1.1177281427503443,0.9929259731474291,0.9600525727314323,1.1517811890840624,1.1744138892905958,1.127482123583642,
,1.333211900742414,1.4049490765803223,1.0492952188049094,0.5477114212126505,1.344904635774853,1.3738136616975565,1.0168244967669167,0.6334104061650722,1.2474461408818676,1.3934422341490538,1.049243389363865,0.5698094511054645,1.264626749702798,1.4006511203405327,1.066569259974931,0.5712972102578475,1.2565838117607346,1.378787993666796,1.0072275611822192,0.5822036738408227,1.2670291714439743,1.3474180767219124,0.9935383347609412,0.6406254298556974,1.248866731682801,1.3089835514250494,1.1297341561267205,0.6220572258751388,1.221538183514184,1.2379933747896361,1.0976460007786513,0.6707830272893354,1.1955011980306594,1.227401702445341,1.093798934852799,0.6360974393181223,1.002083942828979,1.3718246064957416,1.0896192581483624,1.044210626152234,
,1.0743284072442225,1.016898524211932,1.041720143703311,0.9232264184013256,1.0633190576962777,0.9971223474922913,1.043863390999813,0.9318892711917399,1.0575377544142657,1.004627792865313,1.0590459399068997,0.9304994875693443,1.0434850055716833,0.9960876718302436,1.0485825226296375,0.930546462087352,1.0420526678053355,1.0062651981818425,1.0409528185604129,0.9309973562026453,1.0601088235367875,1.0043777864018832,1.0770854636012772,0.9420219793680912,1.0452222333165346,1.0054673580286386,1.0460950049382747,0.9462539787812395,1.0591938000415153,1.0049692111219268,1.0520948666331131,0.9421951953567986,1.0605748422430967,1.0052577410063888,1.0378795695169745,0.9328882796802784,0.964729967334591,1.0310939381902278,1.087005696274243,0.9609391287208257,1.080904802101657
,1.051948759820078,1.0097637551594585,1.0395381557963022,0.9390661043176594,1.0411203524750594,1.0023915662085245,1.0494570025343761,0.9236548335555206,1.0461713635856558,1.0057548454775533,1.0471404745267046,0.9294627444181841,1.0539466618590383,1.0015632255636637,1.0504213435986804,0.934259292006876,1.0462931091939576,1.0081416852231666,1.0494085139659752,0.9498433384572077,1.0387306953693665,0.9943365718756224,1.0512404554145196,0.9476105720637569,1.0398712531759375,0.999303205872543,1.0529595879484244,0.960065776408632,1.0252274494633185,1.000338331312953,1.066873405406613,0.9444502752961339,1.0288358294730702,1.0013092378458264,1.0475659978956746,0.9076239191274585,0.9298547025957862,1.10505628935833,1.0237611570287108,0.9165588996535363,1.0759973947735195
,1.1464219944566356,1.0320458214681827,1.2799993711234656,0.9527741677253448,1.0096956327228752,1.0874540690434071,1.0153564077525963,0.893715795955299,1.0775459647763825,1.1111270762686711,1.026723134617805,0.8260502666993618,1.1658140900045615,1.037849608621377,0.9283657511545704,0.9146073210070976,1.2299652473847806,0.9947788221698541,1.029246145019441,0.8820452824994232,1.184895061246689,1.0380198593514738,1.0566473401757743,0.9290577047762572,1.1258182288132126,1.0352932398148937,1.0756590436589841,0.9002381173268545,1.111698899614057,1.0436614205668548,1.1320970718564087,0.8053124346188364,1.0785351649183754,1.0283437380813263,1.1120068711081073,0.9015727405019166,0.9846794838235291,1.131506533988935,1.0187484518067738,0.9284241600078925,1.0710899874453823
,1.3865289999203123,1.3326792490202146,1.2762015021387976,0.9664822311330303,1.2945371458266213,1.0761130346816454,1.0537377019488294,0.8787305463878218,1.1949200663290946,1.1344762989072745,0.9918217606849589,0.9049185257884469,1.1472968846822478,1.183516612219739,0.978452488032062,0.8949553500073193,1.0896146621993656,1.1355160460032283,0.9772508288680145,0.8813009826215392,1.0914130964836593,1.1157401583341886,0.9740908065907882,0.9041358335129078,1.118698239480094,1.1273814973244705,1.0215686823571881,0.9171058131805313,1.0962299326386327,1.1290138982611453,0.9987080142359626,0.893660173192858,1.0878263428294683,1.146407362497244,0.979903395268457,0.8955215618763747,1.039504265051272,1.20031991247001,1.0067423300422322,0.9402894203622488,1.0661825801172449
,1.0405737118451788,0.9656733627410431,1.0877661905179092,0.9443101711983791,1.0382958302228746,0.9617608693419237,1.0829577735534603,0.9346389759974663,1.0459600329190208,0.9608812314644727,1.0887713109935218,0.9368154119098953,1.0394816743688073,0.9724738848457748,1.0857302855979118,0.938800581422601,1.047678030946258,0.9669819416105626,1.0874885376507253,0.9287255648641702,1.0633401997442076,0.9617238498333536,1.0881622911694406,0.9429749528446643,1.0469088710052468,0.9574679854612586,1.0886941832728387,0.9401604474112641,1.0531293639710453,0.9592636283010499,1.1000215428253317,0.9333899093423779,1.0473222247477747,0.9663185836275681,1.0918247468988538,0.9013877241008205,0.9086719915737653,1.080618208162269,1.0892098935380832,0.952154680716605,1.0612751727891074
,1.073534036340269,1.0887285537734075,0.934131908263436,0.8792043056505809,1.1090949592881294,1.1207462892513662,0.9344405758805061,0.9068604778440164,1.0832253540546415,1.0973864984064057,0.9287252420490918,0.9334221756412643,1.0472195708676453,1.104600270334381,0.980711778373888,0.8959008200296015,1.0967364530632893,1.100957775966205,0.9577049022575643,0.9109472912506366,1.0786596395136716,1.1131725796683014,0.957629123599844,0.9095974410588256,1.0804656444121925,1.1180699362101345,0.9558975353877387,0.9305285829819734,1.0863511832258617,1.0840181270929887,0.9711024393990233,0.9244964814006645,1.0913408153910966,1.0799038307055562,0.9586739590931337,0.9206042278369653,0.9561619484989573,1.1163893431114926,0.9844490817526613,0.959086463508159,1.05636776546097
,1.0690668140341935,1.023964754146865,1.0428840611651602,0.9724784555433532,1.047816508195475,1.0404358407893572,1.0329564848659156,0.9759663799334448,1.0652987985737539,1.0242244519710737,1.0430718050399377,0.9570487805304407,1.0919656460914442,0.9667728706405376,1.0085508695571264,0.9732203047538384,1.0188709362369333,0.9989312466174923,0.9259190334155234,0.9146159187526594,1.0672461255766077,1.043326222150152,0.9819881354040301,0.9618638637877293,1.0175486882126357,1.031914380251619,0.9972736549942249,0.9834242125170959,1.028863789208708,1.0334820112096468,0.9862832471157881,1.0140027865106382,1.0100099071034492,1.0170837912196784,0.9648087512115384,1.0581164029932433,0.9253258917178397,1.0802990102189889,1.040049194844341,1.0462203795510874,1.0514603581328328
,1.0690402168867097,1.0235775396650548,1.043575662781922,0.9730094178616917,1.0475013105656863,1.0399984583209076,1.0335346745025058,0.976333075544256,1.0652104438255359,1.023857759249684,1.0436860753810178,0.9806753854196172,1.0262203733893605,1.0279861696422263,1.0317357803094487,0.9068444658602484,1.0160023115723875,1.0190853138712799,1.0282992584404407,0.9182845462546823,1.039171306024153,1.0116711348329988,1.0353397603466978,0.9712450199001894,1.0283529430012956,1.010812684713682,1.0433290380985079,0.9772472952213249,1.0312846212616171,1.0201241718334737,1.030054735042019,0.9693379666984699,1.038928124098234,1.0270592084034682,1.0207102664603254,1.002577749749325,0.8944898349367223,1.0442086773264854,1.059080675821823,1.022222307628304,1.0465529508046953
,1.0707526378070698,1.024917730159891,1.0416247420573805,0.970120219243662,1.0496433815810102,1.0412556323255915,1.032821546864094,0.9727420047626029,1.0664359152019118,1.0250389003856413,1.0435734160720758,0.9768652224861709,1.02823586123904,1.0297718720585523,1.0314287246615117,0.8404686269666585,0.9722245743952946,0.9548598256400647,0.9889653671733953,0.921953173756705,1.0225231428844341,0.9340370468165693,1.06653509508533,1.0210202273536029,1.0602089958983099,0.9156585721852059,1.0870816963394523,1.0169881009416144,1.0428268380377397,0.9814419856022439,1.0691291889305061,0.9455179961430429,1.0459244996116872,0.8926076994894172,1.133412460089645,0.9470390965054066,0.8636537781556047,1.0081183444339816,1.053007354373067,1.0188613934866853,1.0393149326777464
,1.1714515158759584,1.0968378438503845,0.9439231197045289,0.810154519384677,1.1920835641187248,1.1147141099940572,0.9939454194115906,0.7691774268807603,1.1546124214766584,1.1034451536281877,1.0366342886388475,0.7405859378221993,1.193741234229838,1.155830169187718,1.0121502492609977,0.7740927880730685,1.212293098911546,1.0883069451205214,1.0353656360763959,0.7876674823154952,1.1683564146189471,1.1261284238334621,1.0348967290099136,0.7830088084141382,1.18984391994085,1.1203907629952399,1.0252190677705297,0.7784489442638448,1.1972359307625096,1.1418030602196145,0.9977171675256348,0.8273328378123381,1.1814706531387158,1.0671285380218083,1.050356032524907,0.781136432741594,1.068516261151723,1.1404771089427939,1.0469340329243109,0.8158118691106854,1.0320769145507975
,1.036975962149191,1.0657330276162362,1.0044156908842854,0.9345481398949278,1.0326866247542184,1.0595989743910983,1.000540549671445,0.9351627526126502,1.0389867418899836,1.088101459379973,0.9936023219279648,0.9389000277243139,1.0463041222223388,1.0726095892512018,0.9801483345726305,0.9188858500071956,1.031059805791534,1.0709186512295406,0.9766618353042206,0.9329294745582695,1.0318946579919683,1.0811239575049427,0.9990286574348237,0.9436545530406133,1.0492003345110557,1.0660684252878363,0.9968394166067442,0.9381830840093504,1.0498359012806566,1.071657985873898,0.9709390783123398,0.9447520099728252,1.0537901433847832,1.0613236913098665,0.9925583106321193,0.9048215278438585,0.9024186837740232,1.1907683689053974,1.0154582885478496,0.9676670459867858,1.0248388964238486
,1.0011336300716303,0.96295986444577,1.1287828913450857,0.9731390183249761,1.0074335791540172,0.9657586681265687,1.1269194710810075,0.9502747088800412,1.0234509294536647,0.9836627736465025,1.1139031009463047,0.9680922288616688,1.015745650529591,0.977266781525623,1.1214203062518364,0.97641106988178,1.0085008868163123,0.9682501083877613,1.1126786081748385,0.9857351232360388,0.9874269638062914,0.9839118952746627,1.1121037924930592,0.9600388335105853,1.0099848958877646,0.9959995944142959,1.106315384016463,0.9726242700071347,1.0034583684870708,0.9650669218059491,1.1127594029899728,0.9584046286324053,1.002135642862534,0.977547275494996,1.0751781832942748,0.9961136386633421,0.8997134524533525,1.0349308926081469,1.1770143836294136,1.0084136317630437,1.0176008782968997
,0.985198514673103,1.0851782824179195,1.0471362260343067,0.9321545862435803,0.9799526107506585,1.1050346233210515,1.0610360102340837,0.9170858024102613,0.9661402073264755,1.119185580096469,1.06202784093899,0.9157046681703217,0.9818755866223038,1.1037621105523796,1.0625317453894914,0.9271589714006054,0.9887968400447409,1.0857286787450267,1.0518810714186853,0.9140050052699256,0.9908205149045967,1.0874977569278865,1.0661304694240263,0.9307266654284833,0.995025482327078,1.081293760554658,1.0603295493352471,0.9503024278913883,0.9842550742252424,1.0734208026596992,1.041985376672362,0.932346770736988,0.980511236674683,1.036146589502072,1.0355762455188204,0.8874290800769453,0.9604466463414619,1.0992916468931961,1.0249187135077056,0.9868948020133221,1.0174814210502632
,1.0421129235383837,1.0577016966670785,1.0929464523164285,0.9225551670609851,1.0201060620877491,1.030928123088124,1.0854754808534721,0.9114288990971163,1.0520288940950668,1.0505467074037669,1.0689756715713057,0.9278074887912705,1.014743182956076,1.0546693071017221,1.0686576892358446,0.9127066327564706,1.0127115477759483,1.0823816432140676,1.0619337985238844,0.9218522900515667,1.0229128493201338,1.056306357823078,1.0836828384520167,0.9136852741848397,1.0157866730633307,1.0645604999347307,1.0729852057403126,0.918512576184962,1.0243301576503814,1.0644430659168143,1.0677785118127356,0.9148366817570517,1.0391442623699951,1.0612168571213885,1.0740078815970644,0.8874289048452115,0.8335233131969002,1.0688046074770834,1.10627958248249,1.004947641308838,1.0173619638036264
,0.9875494273355812,1.0146976198100524,1.0954645784390418,1.0213949105170086,0.9629238723991084,1.006539648407562,1.1063563534225038,0.9966416157499337,0.9730821134816419,1.0088745210567251,1.0817621432319127,1.0352062728044635,0.9729527620807064,1.0100132630112002,1.080995167002466,1.022409501585988,0.9709011594040604,1.0023068580143975,1.0709300081546018,1.0171226404874916,0.9699164123418167,1.002213023706709,1.083694633222764,1.0170780634685386,0.9734470628622293,0.9974230482538363,1.0822591486969342,1.0053074543960967,0.9751046574441585,0.9870539152923038,1.068472743390054,1.021458300271965,0.9620836544463662,0.994546984509511,1.072139893938821,0.9962114292308679,0.8901639416552793,1.0383175680609706,1.1128388947570618,1.006288075112232,1.01724250655699
,1.1271847985318995,1.0812704149027985,0.9061615006232807,0.9014234635003593,1.1150303825550636,1.0898050826421608,0.903211857389109,0.9203265394155346,1.1186060279594605,1.0722253730509979,0.8990903306711162,0.9104025332972706,1.1313640908784803,1.087561585918934,0.8999293987361596,0.9178226167833013,1.1362094731837253,1.1050637099361524,0.889072138792102,0.9222859722380977,1.1340095678320194,1.1147054522411146,0.8933676575312066,0.9166500248664953,1.1458878610435672,1.125688154272888,0.8844193082001038,0.9154884821566834,1.1610821603814632,1.116979325424342,0.8768361597436445,0.9281231190014793,1.1444380658836255,1.1175688681222014,0.8772036487572218,0.9165211592019947,0.9468045701136584,1.1758330180104646,0.9177516603090555,0.9864841520268,1.0171230493103531
,1.0561864031851482,0.9943750747993388,1.0145631067959129,0.9324607536871894,1.0413044400150457,1.001954795357157,0.9943706052105443,0.8819922745200429,1.0767234387669848,0.985387164808465,0.9728088758815879,0.9381931660004178,1.0562588240922117,1.0161304938828688,0.9703023276551835,0.9674402573527188,1.0706125454240623,1.0160839471113194,1.001244514311696,0.9619695582011943,1.072312644511703,1.0298706240484885,1.0090522815442229,0.9594776028314903,1.070601704617506,1.0282200570340168,0.9941256909533726,0.9764414135149998,1.0963095238093061,0.994208564085678,0.97821021589526,0.9735750041868779,1.0866831049178876,1.0139836769153214,0.9723836452892652,0.9500490589597805,0.9107126091445101,1.121546391752346,0.9606949168120302,0.9940486442005867,1.0170035920637166
,1.0878633392524126,1.0040885617779431,1.0335920725389094,0.905436106162761,1.068778983916876,1.000215541932614,1.0338784139532344,0.8974767272095646,1.0825838564937966,1.0169109902109514,1.045073313504318,0.9074245154860772,1.0908892320364416,1.0255792933291927,1.0234294460999132,0.9334176395428204,1.0907077675446442,1.0179038377892344,1.022940428356446,0.9204520031469821,1.0897914814957643,1.0015521675616723,1.0270468815352334,0.9350063526301802,1.0998201331117647,1.0153629980953796,1.0358003803708993,0.9231167001907873,1.089071071095136,1.011587358469323,1.038838955778888,0.933912462599457,1.0877952224571499,1.022066587815576,1.0270222699381117,0.9002049351213879,0.9838140372196901,1.0827224595199552,1.0371732828970022,0.9136397008334824,1.01688413481708
,1.0375651179332468,0.9783325900706804,1.038167856998128,0.9655307594618064,1.0438085947657978,0.9925562239982829,1.0242933424902299,0.9560078315927487,1.050113169539772,0.9890173769657189,1.0281068684431873,0.9674634629400651,1.0325586079547329,0.9968562736705833,1.0386090030683555,0.9671296369436883,1.0356285396971412,0.9850700491972326,1.0301616323477383,0.9686169320653334,1.0581136188756166,0.9764294609176968,1.04974192041584,0.9692055753393235,1.052343418115968,0.9690846961016242,1.0403116545564368,0.9568760073738013,1.056919069940832,0.9839643882595906,1.0447211757077877,0.9538158193096331,1.0479426446089384,0.9859260006393681,1.0372179906172558,0.9638329560517196,0.9735423681836124,1.0404534806262866,1.0406136708125524,0.9456469011654716,1.0167646775704433
,1.0425493269945925,1.0121834251362796,1.0344871189429619,1.0467544249259737,1.0132223943490648,1.0090416911088047,1.0080919848823466,1.032933937472139,1.0183119860453516,1.034010536264887,1.0078963797212754,1.0164355073171378,1.0286647294491595,1.0156453673920884,0.9794059757511828,0.98599272019421,1.0013354228453422,0.9877838388802691,0.9835337645619584,1.0222333197888986,1.0005062702166003,0.9993803705067033,1.0110978232240857,1.032280885891346,0.9997418872064016,0.9987441884620993,1.0146465221727032,1.0064335854205495,1.009476016623041,1.0118294240523633,1.004902836961846,0.9891122632933581,1.005329167709577,0.9998679519442276,1.0009338468301583,0.9720003930572374,0.9438024888332675,1.0254259133041546,1.0453500234783044,0.9455971608591902,1.0166452203238068
,1.090932901868277,0.9738555131311087,1.0646774280128228,0.9657500224086158,1.043988065658014,0.9684744921392803,1.068383276820395,0.9318497515428442,1.0660499139412754,0.9786867521981801,1.0686702311774912,0.9357078988126134,1.0500707036484096,0.9806524918200087,1.0489672288258576,0.9569169771824543,1.0451545558021804,0.9939733984168251,1.0502695491736824,0.9290121189263036,1.0857016828577153,0.9657024372002924,1.065525217478576,0.9342381583851367,1.0564810792423858,0.9805209087053495,1.0749975618476195,0.9379339542758953,1.0593185364782465,0.9842978627560485,1.0629879868270902,0.9388608497082397,1.0483396463177794,0.991733387714905,1.056418975300243,0.9225771786894126,0.9140626094829226,1.0357794112595178,1.0500863761440562,0.945547420552909,1.0165257630771702
,1.1172806056783218,1.021579356058171,1.017495952842261,0.9348683698266825,1.108244397873757,1.0106147645495125,1.016337001906494,0.9459116503762146,1.0855260738312689,1.0076945860460504,1.0026032774733906,0.9546980000159876,1.095959083590433,0.9981508049305267,1.0422433897584544,0.8971352679963988,1.1078002780392333,1.0027422560511519,1.02710071020449,0.9409600956456781,1.0732049995760717,1.0039219593966104,1.053195822838519,0.9377141649103948,1.1119603642032578,0.9873078036345506,1.0669172101269435,0.9253697301557815,1.1024458526432108,1.0051439419483255,1.0683163515897705,0.9317957499867787,1.0813581155175995,1.0091701081131004,1.0493569009484212,0.8731539643215878,0.9896739365770645,1.0736518022143975,1.0548227288098082,0.9414046610245146,1.0164063058305335
,1.030341361631433,0.9932460457000591,1.037317079745424,0.952380642438623,1.0199103022209768,0.9951887909279185,1.0359046192280226,0.9479770082298172,1.034986249772593,0.9996084317902717,1.035217185614984,0.9589018930928682,1.02690794927459,1.0030199041997716,1.0385720585240454,0.9628528031208603,1.031708952363192,1.0039448784205953,1.0407643936655893,0.954918031503689,1.0361397085818298,0.9943705621643675,1.0420089389438885,0.9649037748678612,1.0306758060019585,1.0022825286414723,1.0456523503736648,0.9595069266840222,1.0306137969410452,0.9962804498746636,1.0467521543595324,0.9608920776903719,1.0273557071332229,1.002422571473721,1.0382179209752562,0.9228074317296632,0.9116328114273318,1.107435392619985,1.0434025376988951,0.9527009788212607,1.016286848583897
,1.0571555914001092,0.9847018670949411,1.0606548687000275,0.9381043000211265,1.0355101120832524,0.9792425201836121,1.0550447592296754,0.9291720135603431,1.064869210314739,0.9833139759968839,1.0502381983542453,0.924554826616665,1.0563608717688586,0.987237309279321,1.0502916018662316,0.925093009051013,1.0690876350540004,0.9809481032320667,1.059944672326604,0.9278398761632031,1.0649297741910246,0.9854813735312691,1.0532182335760831,0.9437667830878962,1.0593978390641947,0.9831130303508877,1.0634050531202381,0.9358754785411892,1.056946014317221,0.9802583558248718,1.0575604349934014,0.9360263295781875,1.0615936324674005,0.9829614738160205,1.0493193857707865,0.9301530498130663,0.9862766651780945,1.0189645264092608,1.0601415094339441,0.9292289339201217,1.0161673913372602
,1.0154260904446706,0.9773624658452069,1.0475442284563956,0.9809080678261015,1.007836316622669,0.98015592863634,1.0447254847229062,0.9740628082867459,1.0183164727410816,0.9806831260371852,1.045552678688044,0.9756734711873355,1.0100282055047787,0.9853792121216621,1.0474209445973663,0.9807730862944327,1.011152731277369,0.9838888868652338,1.0480030210138147,0.978298960695788,1.0140775138933507,0.971163998084245,1.0507495467153571,0.9872998979315862,1.013637504285465,0.9824245139761795,1.0546404449318705,0.979993000074036,1.00969090078674,0.9865435697207344,1.056180220742483,0.9805361295850488,1.0154843799673416,0.9853680204293691,1.0405589054767728,0.9267294159774138,0.9003161854885852,1.1192641215172778,1.056213645747385,0.9737512985781667,1.0160479340906237
,1.1822605006190945,1.09867958830787,1.0607494719087844,0.9808203035707743,1.1814861868117725,1.0545541730864199,1.0576560719341064,0.9732159427967388,1.166787266520075,1.0883642638782531,1.1006875554583346,0.9845860667460257,1.1500360870525916,1.087560463578278,1.0736666767146104,0.9801294515375698,1.1962143303791233,1.0673655402320816,1.0509232046731423,0.9773937336627964,1.1589918780817121,1.0770176160849942,1.056915332946489,0.866003721733457,1.139189574697177,1.1086743393268137,1.0319931019821167,0.8459674763312273,1.1449305852918272,1.0836875134163,1.0346186610599497,0.8224307973902876,1.1850397356364504,1.1149973079491198,1.042814208124901,0.945434477777558,1.0053319974821393,1.1994985260313973,1.0431938282063895,0.9681890502501078,1.0150217603212934
,1.0021395729958558,1.0331152902698266,1.0139969807559819,0.9807325393154471,0.990567567169237,1.0309919507223504,1.012713943487169,0.9723690773067317,1.0154903569963054,1.031374020463826,1.0094029412176235,0.9934986623047158,1.0009208874005846,1.0325638452102137,1.0161059509666257,0.9794858167807068,1.0064703408798021,1.0319280843149397,1.0204396149777306,0.9764885066298047,1.0211416213382252,1.0127072957847705,1.0186950239549786,0.9939158672688576,1.0029417655600608,1.0283952620477026,1.0233633517003653,0.9777155801183588,1.0113051916545353,1.0110108909465996,1.0284019456637785,0.9835955885745916,0.9994956721634479,1.0288198641148087,1.0171542629027648,0.9641395395777022,0.9726801965709865,1.1845214643765805,1.0315568679837808,0.9626268019220491,1.013995586551963
,1.0644852080041878,1.0031489090087122,0.9711008209412982,0.8857018875861372,1.0624477264824372,1.0152223494012709,0.9876399574112557,0.8889576401353272,1.0719164282567963,1.0220731404450498,0.9743384558262841,0.9106906326985407,1.0712943341990069,1.0554661421100737,0.9722897397173995,0.904341870020725,1.075009729425523,1.0321742205105886,1.0017790323679887,0.8773010945317447,1.0942842304537956,1.0462501543857803,0.9777928050654918,0.9053928219348825,1.0933586048081583,1.0726208303892646,0.9432130916327699,0.9178613542893163,1.091178433305536,1.076528109115932,0.9390789161071554,0.9156494087427753,1.1087413144833915,1.0864173630508716,0.9138919513920801,0.8867516421296088,0.9400283956598336,1.1695444027217634,0.9541159414199331,0.9213207331306464,1.0202832604936865
,1.1094174458346056,1.0452437226545543,1.0857147880294733,0.9210515812745497,1.0970609933946838,1.0429726000945487,1.067039880499863,0.8658607531070917,0.9842342853277278,0.9999953185294074,1.058800748932844,1.0124967868867711,0.9990653404647565,1.017041953780266,1.0514254914089332,1.0079332682946174,0.9849583000651042,1.0215855123411934,1.037827255017318,1.0060721183505226,0.9910785412134644,1.0132523143344807,1.0509213422451544,1.006238666540154,0.9691481757567497,1.0204140480616364,1.0518361060516028,0.9955107338095303,0.9855498588868749,1.0137257383658946,1.0505449298780034,1.0085938269758923,1.0007280468166542,1.0227906509995413,1.04368039385016,0.9774567723919672,0.9607375729345381,1.1504270756998263,1.108152149217732,0.8863663299791429,1.02657093443541
,1.109765750000755,1.0455567177447378,1.086532432091406,0.956401274962962,1.0973002733900363,1.0431583432397467,1.0675571023935908,0.8427638660788561,1.1260022257110847,1.0404906881200737,1.060427969619709,0.8712909580698902,1.1201824997514664,1.0482026281128374,1.0552753455195512,0.856568018746915,1.115341284443883,1.0473113440040083,1.0908877194259916,0.987037028024077,1.1386920187406169,1.027784291244988,1.070285871073508,0.8595728411701903,1.134855215316531,1.038869496490014,1.087415803036734,0.8572071176463492,1.1367017622401474,1.0489173101715341,1.0834580019936255,0.8550653006118728,1.1340294587545396,1.0398481125715837,1.07937289385155,0.837358007745983,0.9814467502092425,1.1313097486778891,1.1087122839950647,0.8514119268276393,1.0328586083771332
,1.0398293728867845,1.0722475274829546,0.9692279733370724,0.9917509686513745,1.004864715812725,1.0717243241286274,0.9746265175330241,1.015419541805739,1.021385392060497,1.0462369086168297,0.9815919873592507,0.9432100292754908,1.0716971050912938,1.112080956222092,0.9788943949337511,0.9848021167582197,1.0720377365059464,1.041991337349905,0.9683593921983561,0.9680019376976313,1.0920630262495754,1.092827098357914,0.9622154528787555,0.918002837201564,1.0877652259882333,1.0974769215245108,0.9565221207602348,0.9665434027701473,1.0658475501851055,1.0648942217994424,0.9758306748788451,0.93947926283929,1.1118662918393503,1.0485371776089873,0.9965405463557878,0.8726401409754794,1.0189265803809533,1.0594691972657302,1.046935157579421,0.9063196429725672,1.0391462823188566
,1.0081291575873992,1.1298608123746205,1.0612431572276697,0.9328852161733339,1.013376572819147,1.078770165964641,1.0756241617055322,0.9341419790021214,1.0810041242749582,1.04326769328287,1.056207886507086,0.9536837156503774,1.050209108700791,1.0388515743355236,1.0391442761167788,0.9824413613996824,1.0346740054948513,1.0360261417257193,1.062848869303135,0.9743233404599496,1.032473171157679,1.0403235673027864,1.064124867211258,0.9743347556645283,1.0410905669562411,1.0369074924469561,1.0616072766679523,0.9941141330427813,1.019183764815364,1.0461019202280688,0.9861928357229315,1.0424373900588988,0.9877563494008369,1.0485656595545936,1.0073066844914245,0.924383499673642,0.9795401925823044,1.0577743546211602,1.0279037145012289,1.0104935170705671,1.04543395626058
,1.051177604597932,1.0650919261313336,0.981325387265627,1.022797445162667,1.0488510789325556,1.0284938245041053,0.9752865299875664,1.0307101847813311,1.0480031995869885,1.0634208426188199,0.9943556381498808,1.0117890797596785,1.0449455735589854,1.0488039984615192,0.9821364235945562,1.0113004974542346,1.051231100637872,1.0427820110013137,0.9829179658568636,0.9964995766201233,1.0492504102559377,1.0427788287024522,0.9965319394362405,1.010729315015687,1.042939190170834,1.040795924351978,0.9961728681671687,1.0056250162394507,1.0502720929353433,1.042178871837112,0.9887752082518401,0.9956341753365532,1.0479995541722487,1.0259915313872852,0.9880174367467011,0.9761268583718047,0.9401538047836554,1.0560795119765902,1.0088722714230367,1.0105143547830138,1.0517216302023036
,1.0209824161603065,1.0126173527524216,0.9639818688878402,1.0305834394761395,1.0055532883974732,1.0249460768328322,0.96672265087934,0.9976528696666693,1.0243367526213838,1.0561556570265844,0.962027097689747,1.031571141458633,1.0386881829985608,1.0474527794189732,0.9835412716469704,1.0025540787643532,0.9947433184147827,1.07817076027685,1.0122971776530783,0.9377079253416616,0.9820345653004582,1.083371425672635,1.0771399927602063,0.9382817136470878,1.0058878475801032,1.109309574414451,1.0437669594727275,0.9830396823102223,0.9853803585686232,1.0822394037847158,0.9932032413696148,1.0250491712458607,0.9836686398889211,1.1001653931337283,0.9929924493274107,1.0070343919699067,0.9074789636156818,1.193917662554706,0.9326838148768818,1.0743417522165652,1.0615784761623908
,1.017556518932974,1.0326273047244239,1.0122039002872547,0.9962166102400674,1.0268560504229223,1.0265380766611445,1.0049521049500907,0.9932099453061467,1.0553943620310422,1.0053281295604697,1.0162953318601244,0.9931300424583701,1.0109957624071526,1.0135436903473904,1.0413682580035866,0.993807660074472,1.009884697653437,0.9953672107054794,1.0354756821009101,0.9941430086780727,1.0143931868193876,1.0295404331925413,1.0138233514821504,0.9880441744710021,1.018246153944994,1.0111123064463838,1.0299055960900474,0.9892480545613486,1.0127724551558352,1.018451086085511,1.0318942931658575,0.9994863978882724,1.0009652620803111,1.0296687883104503,1.0205126557882538,0.9678606335252774,0.9166389833312596,1.1661756115161954,1.0325028180007614,0.9717450921132318,1.0714353221224777
,1.059251385627676,0.9852431166691878,1.0616065531326089,0.8955470566932899,1.0470822168510927,0.9879148441584948,1.063027499787243,0.8897163678379161,1.059679090021016,0.9991826625140998,1.0621383950979244,0.9041986519564532,1.0493740085676801,0.9983810914638916,1.0629108628183987,0.9056025855048603,1.058448437274304,1.0022355947995916,1.063080764070931,0.9144750282670941,1.0547681023096824,0.9952106084574508,1.061495477761362,0.9186536606712252,1.0504190795100268,0.9959864120601504,1.0742916904486932,0.9143596554544166,1.0459086953231398,0.9882632494340416,1.0739428974371799,0.9105479710917114,1.0402133644298692,0.9984207829551601,1.0702508057824824,0.8467949681372315,0.9257990030468374,1.1384335604776847,1.0681303218706497,0.900954579368798,1.0337921893151312
,0.9851661318417873,1.0151282146527494,1.0600225082372994,0.9631915347357213,0.9831881574032556,0.9883636534482955,1.0609714218742445,0.9618175666384967,1.0059103971266425,1.0028751577903523,1.0615825434256807,0.9636569534387527,0.9944713586962867,0.9920882175481927,1.0708849117044545,0.9804241916213536,0.9984598254869581,0.9930502465070641,1.06127986591217,0.9696438324866754,0.9886811458462191,0.9878157406331645,1.0679530985647896,0.962037746931491,0.9980957105421318,0.9983486726886932,1.0678672216527036,0.9578145786250877,0.99257446950982,0.9801798129040495,1.0681257914138398,0.963886968101691,0.9987442071432833,0.9885872092102669,1.051666158251362,0.9523348667199718,0.9201446285497455,1.0367899397064957,1.0920086225223393,0.9463857704167181,0.9961490565077848
,1.0474946357163757,1.0183549290791285,1.0491115384285703,0.8630084447980833,1.0397623620545449,1.0099325742717131,1.0375652612259259,0.8654151772544427,1.0498383864021157,1.0182009212093923,1.033071922402229,0.951863775026067,1.0401734983725492,1.0125036383696089,1.0354618690099826,0.9678332355533081,1.0434059649024914,1.0228592652948514,1.0256160543433934,0.958118709881924,1.0508862136455788,1.0113764948981248,1.0313748208677622,0.9554928161769053,1.0487967181311617,1.0422635489686574,1.0032193020402784,0.8717725241764235,1.0525574951954233,1.0273175861322885,1.0096847544687662,0.8675503195668528,1.0552974132709227,1.0163819941977144,1.0216069578996003,0.8474124301999,1.031779305974083,1.0409967950786718,1.0254275769964822,0.9493024953351158,1.0622132798958561
,1.2425834208802415,1.0486190514525737,0.9759191571697516,0.7628253548604453,1.3384150429593513,1.0799565344710307,0.9921859947328666,0.7690127878703886,1.3053066721523117,1.0505925511936642,0.9516664734319384,0.8363909989961039,1.2026818610220182,1.1030028853338774,0.9354424084270841,0.8292802496749045,1.2153235139828187,1.1076772354819628,0.9460109722224962,0.823107903132471,1.2166153015177474,1.107085729954163,0.9343453107579012,0.8181663258345211,1.2576777986058014,1.1101337798789723,0.9266786014228183,0.7857304697277593,1.279310658834343,1.1086692173081183,0.9624354618651387,0.7712136710320144,1.2845331545666123,1.1156047631333454,0.9551163714828472,0.742489993679828,1.1722748680693043,1.126567113605979,1.0349428003646624,0.7745568148789935,1.0775506792388034
,1.1462930251699286,1.0529437274686044,1.0378251258398927,0.884504049864617,1.1192211460812154,1.0445680626483995,1.0276785239884034,0.8582788670837854,1.123276600156794,1.053600220559633,1.031507684420329,0.8562932242718994,1.1088470449797148,1.048463597052594,1.0236952329193432,0.8683234943083835,1.1245370113901505,1.0487354648939782,1.0060976101298171,0.8711824678772252,1.1202252045982006,1.0376321913848576,1.0348215329105324,0.8754087378362537,1.131666759609128,1.0490434767635484,1.0192166069378348,0.8737071069345663,1.1615039259770437,1.0499438602479874,1.0244279346287095,0.8555606950029873,1.1353023904548385,1.0525080390355523,0.997438559960525,0.8384411196157728,1.0250048307912447,1.1317105225729194,1.0159764611137736,0.8571869075207301,1.092888078581751
,1.155111751941573,1.0475271163310729,0.9619213893503282,0.931490901752595,1.1122693006223119,1.0767138080184624,0.9574697304872842,0.8975320020191551,1.1385127091793747,1.0851611998882715,0.9449291639601924,0.908942797354454,1.1248149476467753,1.0750034461170257,0.9379221498178197,0.8844147034569021,1.1406330287250217,1.0815909679106221,0.9510970541586417,0.8888534526633093,1.1375552867409882,1.0749804243443888,0.9652061231759239,0.9213544949279117,1.1263754220431808,1.0919278660711556,0.9616432475633002,0.9086097391188113,1.1278381334673624,1.0759943691808584,0.9917366711577013,0.8973119157532667,1.1202522003550552,1.0785952937782148,0.9822640858708149,0.8744486243124642,1.0322213335342927,1.1448776511247836,0.9710265221399633,0.9129386903238464,1.1082254779246983
,1.017458551177304,0.9825825087841578,1.0743820504882327,0.9468258234810323,1.0280676027783595,0.9680309847631805,1.0932427776514042,0.9367795572346119,1.0591134216665061,0.9922274381972856,1.086786348570623,0.9646694941105709,1.0062933725533953,1.0150949509132,1.0843372417112993,0.9526958016516321,1.0229351956760917,0.9576805719686282,1.1153615321908492,0.94806738464081,1.0275038562040353,0.9947763063482401,1.0921532505117344,0.9300201000704285,1.0290870095945723,0.9821841418309103,1.103336166786408,0.9424965664418369,1.0326930261078833,0.9991899210901751,1.0795643025727097,0.9439420289963113,1.0482214027218393,0.986499459216987,1.0837716755422273,0.9189762263180054,0.9606210718074305,1.059927127487097,1.12204695963239,0.9497506762097074,1.0914489759696924
,1.033586381625533,1.066255652779859,0.9595921799383226,0.9905773362941497,1.0579896568014715,1.0654780260834433,0.9507830149414622,0.9930576972654169,1.0796010529313682,1.0638212644632665,0.9460325204110435,1.0175226533133805,1.062999039459932,1.0638016488695767,0.977309659417437,1.0337225268431967,1.0707577113415843,1.053260201703057,0.9754385123493066,0.9680902983088022,1.0603149976997175,1.0580227703860439,0.9668193458505884,1.025615793520736,1.0578190456860674,1.0568999133226629,0.9632452840591492,0.9759896756086568,1.0815615307005904,1.0699947702286712,0.959704314467902,0.980151150889223,1.0758142451501387,1.05102945466841,0.976874566491392,0.9390309594022863,0.8973016998885648,1.1063535435808418,1.0019621038102176,0.9998695946534356,1.0746724740146862
,1.03534080479827,1.0272051938323112,1.1050514135692793,0.8913294543374628,1.049014647630082,1.022456445788081,1.1238178513081165,0.8827600327600237,1.0500069582965967,1.022807598851325,1.1125101236434196,0.8785816897033615,1.0694581008672477,1.0036466188715005,1.1074056919355555,0.8887721907240367,1.0478336801815353,1.0194716408674809,1.0957042722324362,0.9081072870876585,1.046566770629374,1.0153705862444908,1.0994379993889183,0.8989785005094789,1.0575638635703548,0.9986624858276555,1.1070025278282751,0.8994864152424833,1.0682498396636404,0.9836816036555793,1.111283472776737,0.8945284789125542,1.0592734714760719,0.9914990219045009,1.0848698899849707,0.8748147704650506,0.9188779946732508,1.1207997566980252,1.0774857669533415,1.0045333710855484,1.0578959720596803
,1.033523725914398,1.0184932586092625,1.0746761046021518,0.9795214282689203,1.0193503255197855,1.0037943032037586,1.0383943302818688,0.9628713099219206,1.0272787354436044,1.0003222548296367,1.045360467483829,0.9900588377440878,1.0392070607938597,1.0019077671254402,1.0468142870288923,0.9727286458353164,1.0406025735491296,1.010174098020003,1.0335280280524075,0.9821821203830874,1.0533372072903564,1.0089289645915005,1.06117725651684,0.9967132968267477,1.0227534638868978,0.996057275523286,1.0528714940397463,0.9907708883875482,1.0431002948559733,0.9895354569993146,1.0431999317107428,0.9868453801241981,1.0182768944585587,0.9905028208623348,1.0260879917352697,0.9820008887320589,0.940454289457937,1.1352459698152089,1.0775283793469033,1.0045358179684443,1.0411194701046744
,1.1839928886311366,1.2023983887160827,0.8918298853878546,0.8452794900507752,1.1718715167304476,1.2310175223055921,0.8586959239517419,0.8735296843869409,1.2055203275970165,1.2638770707661482,0.888297704298905,0.8052890143231555,1.2243548738335983,1.2992428509397247,0.8753255972530718,0.8175044263676341,1.1692399417336858,1.2589265267009946,0.9199584294563378,0.8182622198694132,1.162100671413392,1.2660820004989126,0.9111879311892057,0.8105534826564237,1.1585112387382406,1.3324712678648287,0.9000595190934987,0.7765963005530733,1.1789935142906998,1.3025857665064515,0.887869004443467,0.7973591430935008,1.2072924017208884,1.2944609496902155,0.8533890949044932,0.7947530510238473,0.9620305842426231,1.1496921829323923,1.0775027559761867,1.0044873814641537,1.0434851113040957
0.09162521392416181,1.2389097629941495,1.3661117344995188,0.7665963569530755,0.7423191865716554,1.2564774550785203,1.3708616721506388,0.7614596527534433,0.8086128769676559,1.2357669017532296,1.3980993224536273,0.7574820899931233,0.7950909822818233,1.2061141859160867,1.405528583670357,0.7722974606576508,0.789892811967136,1.2521390187306174,1.383882709712146,0.7733234220993259,0.7932276704056165,1.2617906908186325,1.4029017784377513,0.7843996378918274,0.773812885148873,1.2863733384009544,1.4046749336226028,0.7701217191634994,0.7781177169527063,1.3057816183897322,1.3815377007926346,0.767535609408952,0.7579513930248668,1.303068713447188,1.418617454821195,0.7609247941243122,0.7322375541551607,0.9836068790273091,1.3447046515891203,0.9560237513435696,0.7456674057184505,1.0458507525035168
0.09162521392416181,1.0315148338138502,0.9616133872177665,1.043605730211951,0.9700924776040164,1.0343344705655646,0.9517069009024108,1.055547839701011,0.9653475117073201,1.041484675575705,0.960667439992856,1.049308638764522,0.9703521858181419,1.0332417047776525,0.9644786872123218,1.0579996704564114,0.9605922695784034,1.0534782478157683,0.9718423857593096,1.0412314297276788,0.9650990531231112,1.0500948434353692,0.968413388321341,1.0494389760954972,0.9747113738658622,1.0539374386309381,0.9673335533810999,1.0477650218489558,0.9876090576265437,1.0462126772398919,0.9671497781008639,1.0460238950007568,0.9921459259817543,1.0498576797236605,0.9637312698397338,1.0440060470145316,0.9676830057681474,0.9499799325137824,1.0363647743631417,1.0461005757539104,0.9682135709337187,1.048216393702938
0.09162521392416181,0.9947070598198284,0.9871713008649023,1.1048845505507645,0.9572105235146808,0.9939952184146451,0.9624671377696389,1.0988957768306646,0.9785985015425126,0.9900560249319776,1.0032205826161138,1.1335787869993992,0.9631365898145476,0.9820921308370686,0.9779597083847668,1.1027397260273784,0.9721281134324461,1.0007421868697302,0.9817815397017174,1.0951145414237442,0.9856943632192033,0.994553724917454,0.9843824091778053,1.1096746123006944,0.9841483224107854,0.9919749573135885,0.9962132078719232,1.1138052179922664,0.9661823258699911,0.997417714744434,0.9817430614243231,1.0984341267455373,0.9777459883069911,0.9936387577766059,0.9875801846327065,1.1040048748233382,0.9591206416685147,0.8904520521108716,1.1086971467858218,1.0746124271362882,0.9819841654548278,1.0505820349023594
0.09162521392416181,1.1313071391437506,1.014556460234642,1.0455473288985646,0.8361158671112597,1.110394275303998,1.0696497109613194,1.001996368467764,0.8814629460494842,1.1706094090492036,1.0264644833657959,1.0226743808493781,0.9003738225113552,1.11245727101349,0.9988476779907662,1.0332886360666245,0.9268803744334803,1.0807735458175198,1.0343822183948987,1.031528802041766,0.9162357226035425,1.0760637956335481,1.0551211392488777,1.0318059659615175,0.9022307078835682,1.0504437615030784,1.0593685205350452,1.0298498893215442,0.91923756138858,1.0780905091585526,1.028029325411526,1.0712032441634336,0.870521303889613,1.0946323015254835,1.03422243979543,1.0493032268666114,0.8661427331613204,0.8956772242887893,1.1923151233644091,1.0945132255862557,0.866305745327893,1.0529476761017806
0.09162521392416181,0.978871769599813,1.0137572499122665,1.0848791488715286,1.0230089019812683,0.9560358283125778,0.9775150046803576,1.0810512796681042,0.97437280257822,1.0148424841040216,0.9909062166541504,1.0794642821532396,0.9792218572612644,0.9690172660133205,0.9906133266878996,1.0639761432453452,0.9587759374422745,1.0011610970826137,0.9786908674779775,1.0358908749613287,0.9476240370111648,1.0409223110389405,0.9587904087604525,1.1003866841499623,1.012676205333854,0.96389067663106,0.986712076725392,1.095452295945419,1.0013979502108439,1.015232842911594,0.9826650403333669,1.0797456555644753,0.9697366621651641,0.9626929967013996,0.976415547793763,1.0945383666905757,0.9607730174214824,0.8802494385403711,1.041243496549007,1.0994350309966836,1.0367530272664116,1.0553133173012017
0.09162521392416181,0.9790358228088231,0.953171571092245,1.1161693624067686,0.9656075388184769,1.0001443800291963,1.0143129704383897,1.0668815445645952,1.0864313551177895,0.9650530546832252,0.9751801636622515,1.1028924232041968,1.0277810220705232,0.9741116111184656,0.9816423760685696,1.1141484911317427,0.96451558812666,0.9880974132458608,1.0031379027460219,1.0980592202950419,0.9778470296236015,1.0031782703847827,1.0354554801113576,1.0666457913791167,1.0067162390668412,0.956386424275663,1.0172002761383625,1.0838696189572434,1.005477353211627,0.9805707355581387,0.9545208176670431,1.1082636046834795,0.9689712828357983,0.964924307467551,1.0181216573985548,1.1080599021557078,0.971839400005518,0.8691335562106343,1.0865828810060858,1.145120558118509,0.9904782692646368,1.057678958500623
0.09162521392416181,1.0823537798659093,0.9545029470756718,1.1607607269219409,0.9006892341548055,1.0840641566621532,0.9709026788259216,1.1579460294122623,0.895842731128911,1.079799971547978,0.973453076564932,1.1560743083859797,0.9010300550143808,1.0859079361371373,0.9629000855859852,1.1654972872691993,0.8660739142261334,1.0903863123918016,0.9532564690839852,1.1755894955854929,0.8779822041069086,1.1028305987004405,0.9614453211274975,1.1683490266211658,0.8795205899308035,1.109042185939167,0.9672523196477376,1.1546372471934458,0.8840103366511013,1.1140302548222043,0.9740458756884469,1.1561351806661033,0.8596520808819632,1.0981949633361052,0.9735995450143072,1.1645471406350085,0.8122582507275461,0.9101222703701786,1.0866916955080732,1.1448547312800772,0.9442035112628618,1.0600445997000443
0.09162521392416181,1.0534964504936066,1.0240355558000729,1.1395209477210337,0.8563711713255506,1.0519497844513241,1.0085735831282006,1.1160921819939473,0.8466261604446934,1.0558664999808556,1.0129707141219275,1.1427884478904746,0.8567593827033538,1.049675936069131,1.0163569062533078,1.1228312842861772,0.8730587423864546,1.0476783517501564,1.0146745748390866,1.1582460589914203,0.8427095690644409,1.0479355444431848,1.0105222713650752,1.1545751512815217,0.8716085534629422,1.044951588031599,1.025397447340494,1.140237300778419,0.8712303579248344,1.0425537144378654,1.034493503023538,1.1352015730679321,0.882864501813114,1.05209126815392,1.0263724234219564,1.123701108181788,0.8718019751266453,0.9511109845297228,1.0977365699060935,1.1181469657551573,0.897928753261087,1.0624102408994653
0.09162521392416181,1.0434760292164478,0.9934356105716595,1.010145541855368,0.9242014138078027,1.0101428222931828,1.0209778468848243,1.0028761685939005,0.9538408955932953,1.0369174203194687,1.0288234143144657,1.013787772101776,0.9321749056663391,1.0627009575054955,1.0171033995177852,0.9900777269315798,0.9749493738111149,1.0605911181055543,1.0118316545156836,0.9880942706066546,0.9835450868502505,1.0519990279262843,1.013334467519033,0.9897768986676285,0.9892808855562012,1.057830379962821,1.0121952133953906,1.0013303310985355,0.9744249494195237,1.0540507913676407,1.0196480429798784,1.0063400414493762,0.9681164929426483,1.0487075451176313,1.0164131855928862,1.0115007219424261,0.9243257847084031,0.9787995307643875,1.0948383825372714,1.013126705019383,0.9289731166204049,1.0647758820988866
0.09162521392416181,1.1379576166213585,1.1359386254850474,1.0531522086359626,0.9154415503963841,1.166961006995094,1.1316943297939552,1.0644690993554717,0.9266233086673484,0.946905150580025,1.0311803753787234,1.0239001116412316,1.0680738185132086,0.9617254041535201,0.9970795904033071,0.9300862269867115,0.8672695382793054,0.9774058412564941,0.9805112357663432,0.9703605245488238,0.9241957804953758,1.0261284112092333,1.0503678003454566,1.035065956888784,0.9997437038091481,0.9656612475030336,1.0256419469968383,1.0709864825822766,1.0342229955585809,1.01752701508937,1.0549719835356526,1.002297482265243,0.9442549042446502,0.9719303305680266,1.0089499310524668,1.0005894488261304,0.9531190134852637,1.0064880769990523,1.091940195168449,1.0740054862028563,1.0026206485019538,1.067141523298308
0.09162521392416181,1.1743693778728685,1.184735984322029,1.0655010494320405,0.9066816869849655,1.2237421660778238,1.1647855643700915,1.0806053227504113,0.8994057217414017,1.2198382751104933,1.18453795515687,1.088926519352151,0.9645754767090136,1.211530207020915,1.175678267590791,1.0771425443327027,0.8508858955275813,1.164623888488336,1.2119875498693007,1.074031151915496,0.8712237491589719,1.2191865263364075,1.1587142319014403,1.1070018287082581,0.9279713906727246,1.197134909833063,1.2050451974478824,1.0870795996912888,0.9629381373838324,1.2226377350198068,1.195408772372224,1.0836878191698023,0.9014716683942405,1.2213942614114097,1.1712565936377417,1.1018708728207074,0.9011303054098557,1.034176623233717,1.2613220646154284,1.1505639081888257,1.0051362775242116,1.0695071644977292
0.09162521392416181,1.1082567758528643,1.0908055030230608,1.0738754326006688,0.8979218235735469,1.0825421627101086,1.0778652131058004,1.0594442542405917,0.8721881348154548,1.069509999903543,1.08542366901289,1.057930359063437,0.8610771349048186,1.1000956849597594,1.0787544572519323,1.0772219809028272,0.8345022527758572,1.0694773802484057,1.1031630222548057,1.0592628313974286,0.8182517178225681,1.082981384747382,1.08717289992361,1.081335202616805,0.8561990775363011,1.064677304815554,1.0821551881805458,1.080234912438314,0.8916532792090839,1.1041924644059646,1.0905173488236461,1.0560163896487424,0.8586884325438308,1.058747783785819,1.0933416726231941,1.0325599020060612,0.8491415973344477,0.9198393001926713,1.2210249334951586,1.0034152233364977,1.0076519065464695,1.0718728056971503
0.09162521392416181,1.0384215991692616,1.073999999999999,1.0204841713221593,1.0164233576642328,1.0269299820466777,1.0576923076923068,1.0198347107438008,0.9829821717990268,1.0329760923330578,1.0063846767757374,1.0539254559873108,1.0195635816403303,1.0295202952029514,1.0301075268817197,0.9993041057759214,1.0201949860724226,1.0245733788395899,1.0446369087275142,1.0312499999999993,1.0278293135435987,1.0294825511432004,0.9912331969608411,1.048349056603773,1.038245219347581,1.0384615384615379,1.0135628586332808,1.0231600617601642,1.019617706237424,1.0143068574247651,1.0102140077821007,1.0293692826191618,1.0060804490177733,1.0443275613129726,1.004262574595055,1.0441426146010182,0.9796747967479671,0.9386844856462747,1.1807278023748888,0.98728813559322,1.0101675355687272,1.0742384468965716
0.09162521392416181,1.0528726971027518,1.0015720547013476,1.039636868053474,1.0827420124843805,0.9568751875565293,1.0027700456322364,1.0072612538217496,1.0227001344310032,0.9860660341452249,1.0129597763658365,1.001544134149859,1.0617267667383603,0.9732145980025445,0.9958031323594743,1.0302808611599719,1.0022370079659444,0.9869595633398851,0.9577966885316763,0.940167172110566,1.009512099043724,1.0427914178317517,1.0072022860616572,1.052046297971921,0.9970839151600422,0.9843224470015253,1.0316083343897278,1.0522705967013237,1.0309466567876098,1.0567230165851758,1.008406568687479,1.0285772190770688,0.9376122360194455,1.029907338840126,1.0072118464002373,1.0326171157549517,0.9326932950152665,0.9575296710998781,1.140430671254619,1.0441017503115544,1.012683164590985,1.0766040880959928
0.09162521392416181,1.1017544976436253,1.0349235762840594,1.0514056469171384,0.8556613401636747,1.1333910348945047,1.0427520269492667,1.0584460369997561,0.8945115614753993,1.090799393416259,1.044535470689869,1.038963153493829,0.8682551368784974,1.0750860388981256,1.0200269295522688,1.0612576165440224,0.8745835310482185,1.1014547963172372,1.0218706540928055,1.0578692267430692,0.883256907822151,1.0928008006859875,1.0328133570433393,1.051397720912801,0.8851241059092314,1.093722025400354,1.034000765268101,1.050189325958136,0.8997840777926904,1.0953329302791592,1.03427833485711,1.0340604314772424,0.8939426863074146,1.1068277552099413,1.0492113505697738,1.0494354966481085,0.885711793282566,0.9763748565534814,1.1001335401343493,1.0625517962781874,0.917138395871422,1.078969729295414
0.09162521392416181,0.9986338371131162,1.0220599478271228,1.0241112148769955,1.0081938729661841,1.0163818899107029,0.974459192379543,1.0512113188685004,0.9886577373672519,1.0193467202712825,1.0046146345954166,1.035963356635481,0.9762670156752192,1.0125627054142776,1.0122410919566425,1.044169101921036,0.993492493373667,1.0113445878617169,1.0174957821300097,1.0302530118440991,0.9683170957611718,1.0156655032544004,1.019500198289776,1.0637412852110173,0.9908912776875614,0.9891420837380946,1.0195365028270564,1.073376458650422,0.9631929418339977,1.025420462203778,1.0323140264038324,1.0286642808479234,0.9572622895658708,0.9960650648055437,1.0212366248145635,1.0058689474280766,0.8871634068376002,0.9767198507138738,1.1192906117457095,1.061339970581818,0.906151159213964,1.0813353704948352
0.09162521392416181,1.088409079321991,1.0557285362470197,0.9804921421438068,0.9243994147136475,1.0794825093381213,1.058038652330881,0.9650293472526109,0.9185899856056835,1.080024635912962,1.0550450008308039,0.9668975479442031,0.9253632347161871,1.08238061740495,1.0596258854398721,0.9703206829006348,0.9326357804111572,1.0891658090504213,1.0599926159555562,0.980299426631829,0.9036812110515621,1.0881139406058997,1.0442572196901683,0.9879437877711966,0.9167098800945185,1.1017191319269442,1.0506863960187587,0.9882861912719806,0.9217520839648201,1.1094048373880103,1.0539178816814059,0.9730689722630381,0.9382179690676533,1.0925512506767585,1.0391279541332645,0.9864005241142668,0.8886150203926345,0.997641490230098,1.1384476833570696,0.9918377723978474,0.8951639225565061,1.0837010116942565
0.09162521392416181,1.0875957322042817,0.9862285646338055,0.985871088876574,0.9446846892478907,1.0554960135403486,0.9940316068687669,0.9775007225821379,0.9405710255830178,1.1007619619831748,1.003064114409998,0.9967354569804352,0.942840829195936,1.0994358136797784,1.0029676638965828,0.9807582680674222,0.952074927754568,1.0891645565059134,1.0124752838494346,1.0002477385706945,0.9413003013149354,1.0961037045904312,1.0073862792900932,1.0013081182975416,0.9521525780803505,1.099525623108388,1.0132914923592466,1.0196734708543624,0.9414820537953114,1.089054601191461,1.0275665812675683,1.0083707674703264,0.9428440920296884,1.0833522533263846,1.0245249771752918,0.9978215810227186,0.9054352696569032,0.967399552693936,1.1143780804751529,0.9811535185775299,0.9765901101573867,1.0860666528936778
0.09162521392416181,1.0349895134478595,1.030520330342237,1.0280235009023573,0.9813569509939186,1.0462118342181337,1.018044138562486,1.0207042359821328,0.9992481154818648,1.0426251499407113,1.0262228570901268,1.020663585478763,0.9966963428433693,1.0257184077531358,1.0273311897106099,1.018299979868623,0.992718301710628,1.0299861294367352,1.016203759649386,1.0242861284286642,1.0042453011828527,1.030975799728293,1.0182855619811806,1.016146728990427,0.9912529047723437,1.0378810673575158,1.025686260587556,1.0190705194713747,0.9592384324109876,1.0467191446271706,1.029581044723681,1.0113480052813357,0.9572755079989216,1.0467254215173223,1.0249313234231299,1.0146324819020374,0.9755669086726629,0.9162372555252007,1.1192171221071474,1.0674542386472927,0.964794309299413,1.0884322940930988
0.09162521392416181,1.0531928462926918,0.952334291198282,1.0523212572208074,0.9239865236020035,1.0404814654813623,0.9650055041957553,1.0378108470829674,0.9388671035566052,1.0501608290188982,0.9690272655731597,1.0472772582693362,0.9434457854224045,1.0505082656115865,0.9771682142268107,1.0536462830677407,0.9582228215520289,1.0579202512896828,0.978844825305363,1.0580947911778469,0.943210927798471,1.0599750229457838,0.9787251408860528,1.0530180243878524,0.9523406160150097,1.0635743056107911,0.9771278602922896,1.0566331163522085,0.9443509698492266,1.063726002942752,0.973934961961168,1.060882237127728,0.9470466751897845,1.057501951234215,0.9681718114002409,1.0629942384515436,0.8924595492165278,0.8650749583564656,1.124056163739142,1.0602469888918802,0.9383862475455156,1.0907979352925201
0.09162521392416181,1.0669772671249442,0.9539583792864442,1.0544354927083275,0.9445315690853358,1.064858887605214,0.9339303593625513,1.0649761300208538,0.9554210333851373,1.0654634853910019,0.9436695180420409,1.0797658868301596,0.9527462368757621,1.076074970118547,0.9463944839228381,1.0829281737159266,0.9631538160178661,1.0808175876552288,0.9457584811605555,1.0892831555099423,0.9317131183021243,1.08413745207484,0.9315444816559688,1.1067737212487592,0.943433650312455,1.0757928294349226,0.9315147285126844,1.103814224895914,0.9460273089794455,1.0792788088727663,0.9190770381726586,1.1117575799830917,0.9528237843193812,1.0672119642973197,0.9357297148116905,1.0900817921780042,0.9366345463477301,0.9809845494421072,0.985223016067553,1.1058510891426359,0.9513069593518761,0.9785346473007995
0.09162521392416181,1.0258921694084826,0.996147392302039,1.023215155093485,0.9710902596165402,1.0165662190090694,1.003310943544553,1.0232961096504358,0.96134859148529,1.0354574970228436,1.0039461504723013,1.0241720488403023,0.9618679391685894,1.0279042981353244,1.0038568658081177,1.024401907471939,0.9531027819509298,1.022569750182931,1.0062472930030635,1.0228448866034325,0.9632283984813744,1.0291463637984781,0.9996954077902418,1.0190554337253588,0.9637064320481636,1.0195710901569814,1.0113176999630311,1.0304034057454654,0.9728475529036406,1.0389904829404195,0.9923978564614914,1.026092014291334,0.9638543343335088,1.0229685691205594,0.9981741203028909,1.0235527648974212,0.9471969091918057,0.9493453866939554,1.0659418408731545,1.022429220509628,0.962150248833913,0.8662713593090788
0.09162521392416181,0.9495385943731414,1.0146681461343094,0.9408793780976606,1.1004176959386716,1.0013081589770416,1.0191543890359662,1.0523068652615473,1.0070227287921156,0.9686024496759252,1.0194844263283518,1.030494338659322,0.9977966288421282,0.9873726485825647,1.0199783661407298,1.0504923864381426,0.9902763663374242,0.9859559186528372,1.033990397821595,1.0703529399534861,0.9888934152026587,0.9772069737946626,1.0291613460852336,1.0530406151378908,0.9912872006367865,0.9715947878561401,1.050912323786481,1.0353508450674471,0.9931961100401806,0.967770301960061,1.0456655430279627,1.0222137437251986,1.0042350922408398,0.9677123619619549,1.0353561564850104,1.014200582062405,0.9699860027056745,0.957095475047903,1.215447729032557,1.03860215317158,0.9937508905889924,0.7540080713173583
0.09162521392416181,1.156851140798067,1.135323422467304,1.0104761645713243,0.8638335603807908,1.1468285926652928,1.110934294562391,1.0121880340793727,0.8976818927802549,1.1445286379560886,1.1122872633424223,1.0007432658107551,0.9170068676996299,1.079479280330986,1.1248687644275712,1.014511767362204,0.8947410517914278,1.131208025287919,1.120759614154859,1.0241439489781279,0.8739920123175466,1.1190843581492578,1.0549251794640113,1.122413163017918,0.8696367453853487,1.1311304594079956,1.1345987374684996,1.0704288952328582,0.8859797466391652,1.1276433000397672,1.1540049773528076,0.9907480645040201,0.9010579313839274,1.1114267319781383,1.126003006428665,1.0433829105850416,0.8884614187765841,0.9648455634018507,1.3649536171919594,1.078500314350499,0.9092062767174826,0.6417447833256376
0.09162521392416181,1.1998754790383224,1.1876097809376744,0.9841161720327366,0.806110827691754,1.1836352814000863,1.118795971156483,0.9796491427479057,0.8009709121880838,1.1681003973623267,1.1217144757534903,1.0267110552763794,0.7755285330775179,1.2066423691642567,1.1518994955425177,1.015135898437143,0.8408741722446715,1.21469662837674,1.2414678738381677,1.038525777032328,0.7732104252251443,1.1765942305918295,1.2534156180406584,1.0766334651861014,0.8196336483555386,1.122712536053451,1.25412750119131,1.0689834553337147,0.7915969137927352,1.1475926269552674,1.2278967234199056,1.0551110262261125,0.781463080023055,1.137220192355753,1.1923272363170891,1.0008298792494215,0.767249735656026,1.0249270828088708,1.3288230858866252,1.1189566117478746,0.7412466675988958,0.529481495333917
0.09162521392416181,0.9775528401110231,1.0103889544107056,1.0265826040953785,1.0098669591610934,0.980627431519513,1.0214811207707304,1.022882514459307,1.0042607438139233,0.9981300417214514,1.0125923055884742,1.0302148395736948,1.0159599221339302,0.9921916329400814,1.0045732070752478,1.0207662251641318,1.0057512079438935,1.0026374466994068,1.0012492297115432,1.0237141242228203,1.0081285351459435,1.0070142983774597,0.9956591889229733,1.0337368702154155,1.0078086470491514,0.9921353420252349,1.0057113553801809,1.0296265301753478,0.9993100880252054,1.0026007777744133,1.0089800646338245,1.0250456693148928,1.0044288950745852,0.9907254388481873,1.0131099701396213,1.029347320654758,0.978103780731958,0.9796988202709729,1.2074457729297827,1.0367706784417248,0.9873701201910823,1.0158567388838957
0.09162521392416181,1.0354332924882699,1.0084145683494943,1.0218660508602415,0.9870534382600427,1.0224324492062866,1.0086899881297446,1.0174043952011351,0.9776715506980806,1.0282199356773434,1.0169438811987808,1.0242241254104756,0.9669090774938377,1.0386250067068479,1.0216997195236859,1.0176215067101724,0.9702054268915448,1.038909249988733,1.0110538077293838,1.0109947140256224,0.9644939024899941,1.0394072271250079,1.0137841208945566,1.0177989589471201,0.9665488084049018,1.0445954034303626,1.0150862352033359,1.0228660974386354,0.974863677655469,1.0451007358035294,1.0125990304199952,1.0164780615019005,0.967318398794923,1.0438766523257261,1.0108352238852774,1.0208564849438357,0.9488424726717043,0.934470557733075,1.0860684599729402,1.0301190550208472,0.9794891226631863,1.0158567388838957
0.09162521392416181,1.035407102391113,1.0084050293504767,1.0218296685811816,0.987129636267668,1.0224264062704917,1.0086474494740567,1.017439732636962,0.9776701855104116,1.0282783115077774,1.0169401142330279,1.02423783416365,0.9669006231654093,1.0386286975592032,1.0216554588098468,1.0175766868058993,0.9702013957963683,1.038939559119671,1.011053240008426,1.011013062945077,1.0452171295754142,1.0087078939602125,0.9664872493288275,1.0830385538796703,1.0198944108560124,0.9867804750339633,0.9852308755157184,1.0731424049030192,1.0216673044964157,0.991811195974253,0.9956526571972879,1.0747845773364604,1.0018389039636,1.0341409161000696,0.9840713652626835,1.0862372102930415,0.9633213959763346,0.9610428335268212,1.022368500359505,1.0301190550208472,0.9794891226631863,1.0158567388838957
0.09162521392416181,0.9983385568096521,0.9944022088577501,0.9676695447107498,1.1069140363975052,1.0139554703309492,0.9485185963434375,1.0705582631808186,0.9757199517154765,1.1118376868965,1.0119535844854517,1.0424743174889126,0.9558508875023488,1.0435084179327059,0.9634116865064464,0.9550286950792001,0.9642071388694171,1.0842897524091257,1.0102393366414315,1.0373398830987945,1.1259403566608344,1.0341789336382905,1.0131785539623142,0.9723090211617579,0.9927102657223127,1.0679317787016191,1.0214417744914304,0.9956810230423463,0.981922163524213,0.9840572556759665,1.0257310528161143,1.0139853300731017,0.9980709876540802,1.0092529957477268,1.0294434470374554,1.0327868852456614,0.9512326916580093,0.9610428335268212,1.022368500359505,1.0301190550208472,0.9794891226631863,1.0158567388838957
